,date,stock,contents,sent,score
0,2024-07-30 02:10:38,Microsoft,"I&#39;m &#39;most bullish&#39; on Microsoft, says Madrona&#39;s Mike McIlwain after Big Tech&#39;s bumpy week",NEGATIVE,0.9296377897262573
1,2024-07-30 02:10:38,Microsoft,Microsoft Copilot Tutorial for Beginners,NEGATIVE,0.9858712553977966
2,2024-07-30 02:10:38,Microsoft,Why Microsoft Skipped Windows 9 #Shorts,NEGATIVE,0.9991275668144226
3,2024-07-30 02:10:38,Microsoft,ü§∑‚Äç‚ôÇÔ∏è What is Microsoft 365 - Explained,NEGATIVE,0.9699876308441162
4,2024-07-30 02:10:38,Microsoft,Global tech outage: Microsoft VP explains what went wrong,NEGATIVE,0.9996159076690674
5,2024-07-30 02:10:38,Microsoft,How the CrowdStrike-Microsoft global tech outage unfolded,POSITIVE,0.9540026187896729
6,2024-07-30 02:10:38,Microsoft,The Microsoft 365 Copilot AI Event in Less than 3 Minutes,NEGATIVE,0.9963818788528442
7,2024-07-30 02:10:38,Microsoft,Network issues linked to Microsoft systems causing outages at businesses worldwide,NEGATIVE,0.9973556995391846
8,2024-07-30 02:10:38,Microsoft,Microsoft Word for Beginners - The Complete Course,POSITIVE,0.990557074546814
9,2024-07-30 02:10:38,Microsoft,"CrowdStrike Update: Latest News, Lessons Learned from a Retired Microsoft Engineer",POSITIVE,0.9908713698387146
10,2024-07-30 02:10:38,Microsoft,CrowdStrike IT Outage Explained by a Windows Developer,NEGATIVE,0.9475153088569641
11,2024-07-30 02:10:38,Microsoft,What caused the CrowdStrike-Microsoft global tech outage?,NEGATIVE,0.9986531734466553
12,2024-07-30 02:10:38,Microsoft,Global Microsoft 365 and CrowdStrike outage leaves users without communications access | 7NEWS,NEGATIVE,0.9984306693077087
13,2024-07-30 02:10:38,Microsoft,Microsoft Outage: What We Know So Far,NEGATIVE,0.9938738346099854
14,2024-07-30 02:10:38,Microsoft,CrowdStrike IT outage continues to cause global disruption | BBC News,NEGATIVE,0.9799684286117554
15,2024-07-30 02:10:38,Microsoft,Microsoft Purview All New Unified Portal  FULL DEMO,NEGATIVE,0.9724335074424744
16,2024-07-30 02:10:38,Microsoft,Global Cyber Outage: How did Microsoft Crash Worldwide? | Vantage with Palki Sharma,NEGATIVE,0.9942418932914734
17,2024-07-30 02:10:38,Microsoft,How CrowdStrike broke Windows computers everywhere. #mkbhd #waveformpodcast #microsoft,NEGATIVE,0.9793952107429504
18,2024-07-30 02:10:38,Microsoft,What Your Boss Can TRACK About YOU with Microsoft Teams,POSITIVE,0.9970990419387817
19,2024-07-30 02:10:38,Microsoft,Cybersecurity expert explains what caused Microsoft outage,NEGATIVE,0.9828919172286987
20,2024-07-30 02:10:38,Microsoft,How to Use Microsoft Teams Effectively | Your COMPLETE Guide,POSITIVE,0.986478865146637
21,2024-07-30 02:10:38,Microsoft,üè´ Microsoft Teams Tutorial in 10 min,NEGATIVE,0.9737733006477356
22,2024-07-30 02:10:38,Microsoft,How to Get Microsoft 365 for FREE,NEGATIVE,0.9944532513618469
23,2024-07-30 02:10:38,Microsoft,Inside Microsoft&#39;s Massive Headquarters,POSITIVE,0.9966179728507996
24,2024-07-30 02:10:38,Microsoft,"üî• Create &amp; Deploy a NextJs Full Stack Microsoft Loop 2.0 App with React, Gemini API, Clerk",NEGATIVE,0.9819480180740356
25,2024-07-30 02:10:38,Microsoft,Microsoft Engineer becomes Auto Driver? üò± #shorts,NEGATIVE,0.9987429976463318
26,2024-07-30 02:10:38,Microsoft,Some bad code just broke a billion Windows machines,NEGATIVE,0.9996188879013062
27,2024-07-30 02:10:38,Apple,The Underdogs: OOO (Out Of Office) | Apple at Work,NEGATIVE,0.9962632060050964
28,2024-07-30 02:10:38,Apple,Charli xcx - Apple (official lyric video),POSITIVE,0.7313930988311768
29,2024-07-30 02:10:38,Apple,WWDC 2024 ‚Äî June 10 | Apple,POSITIVE,0.8675241470336914
30,2024-07-30 02:10:38,Apple,Apple‚Äôs New Computer Will DESTROY The Entire Industry!,NEGATIVE,0.9996029734611511
31,2024-07-30 02:10:38,Apple,Apple&#39;s BAD NEWS! iPhone 16 SE,NEGATIVE,0.9992376565933228
32,2024-07-30 02:10:38,Apple,Apple&#39;s AI Upgrades Said to Come Later Than Expected,NEGATIVE,0.9925328493118286
33,2024-07-30 02:10:38,Apple,Charli xcx - Apple (Lyrics),POSITIVE,0.9502422213554382
34,2024-07-30 02:10:38,Apple,Why the United States is Suing Apple,NEGATIVE,0.9975730776786804
35,2024-07-30 02:10:38,Apple,Unlocking My Tesla With Apple Vision Pro üòà,POSITIVE,0.9969557523727417
36,2024-07-30 02:10:38,Apple,Apple Watch X (2024) FIRST LOOK! Bad News...,NEGATIVE,0.9997357726097107
37,2024-07-30 02:10:38,Apple,iOS 18 - Apple Leaked This!,NEGATIVE,0.9979897737503052
38,2024-07-30 02:10:38,Apple,iOS 18.1 Beta 1 CONFIRMED - Coming This Week With Apple intelligence!,POSITIVE,0.9146207571029663
39,2024-07-30 02:10:38,Apple,Saving the Vision Pro: How Apple Could Make a Cheaper Headset,NEGATIVE,0.9568320512771606
40,2024-07-30 02:10:38,Apple,The real reasons Apple won‚Äôt put macOS on the iPad,NEGATIVE,0.9833869338035583
41,2024-07-30 02:10:38,Apple,Introducing Apple Vision Pro,POSITIVE,0.9974132180213928
42,2024-07-30 02:10:38,Apple,iPhone 17 Slim - Apple&#39;s BIGGEST Change to iPhone Yet!,POSITIVE,0.9617775082588196
43,2024-07-30 02:10:38,Apple,Why Apple&#39;s iPhone 16 September Event will BLOW YOUR MIND!,NEGATIVE,0.9920852780342102
44,2024-07-30 02:10:38,Apple,"ABC Phonic Song - Toddler Learning Video Songs, A for Apple, Nursery Rhymes, Alphabet Song for kids",NEGATIVE,0.9017260670661926
45,2024-07-30 02:10:38,Apple,Privacy on iPhone | Flock | Apple,NEGATIVE,0.7234824895858765
46,2024-07-30 02:10:38,Apple,Sweet Apple | D Billions Kids Songs,POSITIVE,0.9985058307647705
47,2024-07-30 02:10:38,Apple,PIKOTARO - PPAP (Pen Pineapple Apple Pen) (Long Version) (Official Video) [Ultra Records],NEGATIVE,0.9949406385421753
48,2024-07-30 02:10:38,Apple,üî¥Live Tesla &amp; Apple Signals | Free 5m Chart TSLA AAPL Stock Trading Analysis &amp; Prediction,NEGATIVE,0.9930419921875
49,2024-07-30 02:10:38,Apple,Inside Apple‚Äôs ALL NEW iPhone 15 SHOCKING Factory,NEGATIVE,0.9567812085151672
50,2024-07-30 02:10:38,Apple,NEW Apple Products Coming Soon! EVERYTHING We&#39;re Getting in 2024!,POSITIVE,0.9952592253684998
51,2024-07-30 02:10:38,Apple,Apple GAMES CONSOLE - HOLY MOLY they are FINALLY DOING IT!!,POSITIVE,0.9962577819824219
52,2024-07-30 02:10:38,Apple,Blippi Visits an Apple Factory | Healthy Eating Videos For Kids | Educational Videos For Toddlers,NEGATIVE,0.6522341370582581
53,2024-07-30 02:10:38,Apple,"The Apple Store&#39;s $1,000,000,000 Secret",NEGATIVE,0.967087984085083
54,2024-07-30 02:10:38,Apple,Apples &amp; Bananas | Silly Song For Kids | Super Simple Songs,POSITIVE,0.9812811017036438
55,2024-07-30 02:10:38,Apple,Apple watch spinner,POSITIVE,0.9705685973167419
56,2024-07-30 02:10:38,Nvidia,Nvidia $350 Target $144 Billion Deal With Government | Nvidia Stock News,NEGATIVE,0.9793465733528137
57,2024-07-30 02:10:38,Nvidia,NVIDIA‚Äôs New AI Did The Impossible!,POSITIVE,0.9901618957519531
58,2024-07-30 02:10:38,Nvidia,&quot;Nvidia is Heading for the BIGGEST BREAKOUT Trade Ever in 2024&quot; - NVIDIA CEO,NEGATIVE,0.8599004149436951
59,2024-07-30 02:10:38,Nvidia,Nvidia 2024 AI Event: Everything Revealed in 16 Minutes,NEGATIVE,0.901957094669342
60,2024-07-30 02:10:38,Nvidia,BEST NVIDIA Control Panel Settings For GAMING! (UPDATED 2024),POSITIVE,0.9995273351669312
61,2024-07-30 02:10:38,Nvidia,Nvidia Stock NEEDS These Earnings To Do GOOD! NVDA Stock,NEGATIVE,0.9990817308425903
62,2024-07-30 02:10:38,Nvidia,Why you should take profits on hot AI stocks like Nvidia,NEGATIVE,0.9955981373786926
63,2024-07-30 02:10:38,Nvidia,This is NVIDIA‚Äôs new GPU - Blackwell NVL72 Rack,NEGATIVE,0.9865538477897644
64,2024-07-30 02:10:38,Nvidia,GPU Tier List - Nvidia Edition!,POSITIVE,0.9283881187438965
65,2024-07-30 02:10:38,Nvidia,"CNBC On NVIDIA, NVIDIA Stock, Semiconductor Stocks - NVDA Update",NEGATIVE,0.9745912551879883
66,2024-07-30 02:10:38,Nvidia,"Best GPUs of 2024, Mid-Year Update - The Best of a Bad Situation",NEGATIVE,0.8985856771469116
67,2024-07-30 02:10:38,Nvidia,Nvidia Drivers Are Becoming Open Source,POSITIVE,0.986566960811615
68,2024-07-30 02:10:38,Nvidia,GTC March 2024 Keynote with NVIDIA CEO Jensen Huang,POSITIVE,0.9970519542694092
69,2024-07-30 02:10:38,Nvidia,The Evolution of Nvidia GeForce Graphics (1999-2022),POSITIVE,0.9945987462997437
70,2024-07-30 02:10:38,Nvidia,WORLD‚ÄôS FASTEST Gaming Monitor ‚Äì 500Hz Powered by NVIDIA G-SYNC,POSITIVE,0.9726408123970032
71,2024-07-30 02:10:38,Nvidia,Nvidia Will 35% Crash Warning By Josh Brown | Nvidia Stock Latest News,NEGATIVE,0.9964470267295837
72,2024-07-30 02:10:38,Nvidia,NVIDIA CEO Jensen Huang at HPE Discover 2024,POSITIVE,0.9592044353485107
73,2024-07-30 02:10:38,Nvidia,"&quot;Prepare Now, FOR THE BIGGEST HURRICANE EVER...&quot; - NVIDIA CEO",NEGATIVE,0.8006139397621155
74,2024-07-30 02:10:38,Nvidia,Nvidia CEO Jensen Huang full keynote at GTC 2024,POSITIVE,0.9884052276611328
75,2024-07-30 02:10:38,Nvidia,URGENT: 9 Reasons To BUY Nvidia Stock BEFORE July 31 | Do This NOW,NEGATIVE,0.993862509727478
76,2024-07-30 02:10:38,Nvidia,Cramer‚Äôs Mad Dash: Nvidia,NEGATIVE,0.7457096576690674
77,2024-07-30 02:10:38,Nvidia,5 Reasons To BUY Nvidia Stock BEFORE July 29th (NVDAüî•META),NEGATIVE,0.9889840483665466
78,2024-07-30 02:10:38,Nvidia,Nvidia Will Get DESTROYED After This New Invention From Apple!,NEGATIVE,0.9996997117996216
79,2024-07-30 02:10:38,Nvidia,Nvidia RTX 3080 Mini! The Future of GPUs! #shorts #pcgaming #gpu #aprilfools,NEGATIVE,0.9828475713729858
80,2024-07-30 02:10:38,Nvidia,What Does DLSS 3 Bring to RTX 40 Series Laptops,POSITIVE,0.9677570462226868
81,2024-07-30 02:10:38,Nvidia,Nvidia $350 Target $55 Billion Deal With Tesla | Nvidia Latest Stock News,NEGATIVE,0.9443787932395935
82,2024-07-30 02:10:38,Nvidia,Nvidia&#39;s Breakthrough AI Chip Defies Physics (GTC Supercut),POSITIVE,0.9954015016555786
83,2024-07-30 02:10:38,Nvidia,Nvidia Just Created THIS To DESTROY Microsoft!,NEGATIVE,0.9996844530105591
84,2024-07-30 02:10:38,Nvidia,No GPU? No Problem! A Quick Guide To Integrated Graphics,NEGATIVE,0.99641352891922
85,2024-07-30 02:24:53,GOOGLE,www.google.com,POSITIVE,0.9606142640113831
86,2024-07-30 02:24:53,GOOGLE,üî¥ HAPPY BIRTHDAY JJ! üéÇ CoComelon LIVE Best Kids Songs 2024!  + MORE Nursery Rhymes! |,POSITIVE,0.9992675185203552
87,2024-07-30 02:24:53,GOOGLE,Google Maps,POSITIVE,0.9947724938392639
88,2024-07-30 02:24:53,GOOGLE,www.google.com search,POSITIVE,0.5866221785545349
89,2024-07-30 02:24:53,GOOGLE,google meme teacher | google reading funny | google spelling funny,POSITIVE,0.7353268265724182
90,2024-07-30 02:24:53,GOOGLE,Introducing the Google Pixel 9 Pro,POSITIVE,0.9760109186172485
91,2024-07-30 02:24:53,GOOGLE,Google ‚Äî Year in Search 2022,POSITIVE,0.8026178479194641
92,2024-07-30 02:24:53,GOOGLE,If Google Was A Guy (Full Series),NEGATIVE,0.9974568486213684
93,2024-07-30 02:24:53,GOOGLE,Operation Aurora | HACKING GOOGLE | Documentary EP000,NEGATIVE,0.9877600073814392
94,2024-07-30 02:24:53,GOOGLE,I Oversimplified the Google Logo!,NEGATIVE,0.9990779161453247
95,2024-07-30 02:24:53,GOOGLE,Why &quot;GOOGLE&quot; Is Actually Misspelled ü§î (EXPLAINED),NEGATIVE,0.9982136487960815
96,2024-07-30 02:24:53,GOOGLE,"Everything I Google, Comes To Life in GTA 5!",POSITIVE,0.9778398275375366
97,2024-07-30 02:24:53,GOOGLE,Google Logo Evolution,POSITIVE,0.9231062531471252
98,2024-07-30 02:24:53,GOOGLE,I Found Very Giant CatNap in Real Life On Google Earth and Google Maps üò±!,POSITIVE,0.9950252175331116
99,2024-07-30 02:24:53,GOOGLE,#google #G #GUN,NEGATIVE,0.9927256107330322
100,2024-07-30 02:24:53,GOOGLE,Google ‚Äî Year in Search 2020,POSITIVE,0.8297807574272156
101,2024-07-30 02:24:53,GOOGLE,Satisfying Google Logo Art #shorts,POSITIVE,0.9969454407691956
102,2024-07-30 02:24:53,GOOGLE,Google + Team USA ‚Äî Dear Sydney,POSITIVE,0.9982219338417053
103,2024-07-30 02:24:53,GOOGLE,OK Google sounds,POSITIVE,0.9960823655128479
104,2024-07-30 02:24:53,GOOGLE,Donald Trump Shooter‚Äôs Shocking Google Searches Revealed by FBI Director,NEGATIVE,0.9835862517356873
105,2024-07-30 02:24:53,GOOGLE,Must Watch New Very Special Funny Video 2023üòÇTop New Comedy Video 2023üòÅEpi 03 by Bidik Fun Ltd,POSITIVE,0.9976663589477539
106,2024-07-30 02:24:53,GOOGLE,Google Logo Intro Compilation - light effects and cartoon characters,NEGATIVE,0.9904274940490723
107,2024-07-30 02:24:53,GOOGLE,Weird Cat Snake Is Real üêçü§Ø on google maps and google earth üåé #shots  #hrgoogleearth,POSITIVE,0.5047309994697571
108,2024-07-30 02:24:53,GOOGLE,"Google Google  Thuppakki Movie Songs | Star - Vijay ,Kajal Aggarwal",NEGATIVE,0.7402907013893127
109,2024-07-30 02:24:53,GOOGLE,Google Play Games App Install in Google Play Store #shorts,NEGATIVE,0.9942798614501953
110,2024-07-30 02:24:53,GOOGLE,Never Google this word...,NEGATIVE,0.9920045733451843
111,2024-07-30 02:10:38,Amazon,I Tested 1-Star Amazon Products!,NEGATIVE,0.9578368663787842
112,2024-07-30 02:10:38,Amazon,Trying 100 Banned Amazon Products!,NEGATIVE,0.996801495552063
113,2024-07-30 02:10:38,Amazon,Weirdest Things On Amazon!,NEGATIVE,0.9759913682937622
114,2024-07-30 02:10:38,Amazon,The Lord of the Rings: The Rings of Power | Season 2 ‚Äì SDCC Trailer | Prime Video,NEGATIVE,0.9708583354949951
115,2024-07-30 02:10:38,Amazon,Amazon Bedroom Finds you actually need! #amazonfinds #gadget #amazon #bedroom #amazonbedroomfinds,POSITIVE,0.9703856110572815
116,2024-07-30 02:10:38,Amazon,Amazon Prime Day is Making Me Quit My Job,NEGATIVE,0.9996961355209351
117,2024-07-30 02:10:38,Amazon,We Bought Amazon Prime&#39;s WEIRDEST Products!,NEGATIVE,0.8911449909210205
118,2024-07-30 02:10:38,Amazon,Like A Dragon: Yakuza - Teaser Trailer | Prime Video,NEGATIVE,0.976963222026825
119,2024-07-30 02:10:38,Amazon,I Bought The *WEIRDEST* Amazon Items!,NEGATIVE,0.9528895616531372
120,2024-07-30 02:10:38,Amazon,"Introducing Amazon Astro ‚Äì Household Robot for Home Monitoring, with Alexa",POSITIVE,0.9026919603347778
121,2024-07-30 02:10:38,Amazon,Ultimate TIKTOK vs AMAZON Items!,NEGATIVE,0.8790040612220764
122,2024-07-30 02:10:38,Amazon,AMAZON MUST HAVES 2024 - THE BEST !!!,POSITIVE,0.9996477365493774
123,2024-07-30 02:10:38,Amazon,Top ten Amazon items you didn‚Äôt know you needed!,POSITIVE,0.9038198590278625
124,2024-07-30 02:10:38,Amazon,We Bought An Amazon Returns Pallet For $525 - Unboxing $6500 In MYSTERY Items!,NEGATIVE,0.9963698387145996
125,2024-07-30 02:10:38,Amazon,10 BANNED GADGETS YOU CAN STILL BUY ON AMAZON,NEGATIVE,0.9907727241516113
126,2024-07-30 02:10:38,Amazon,Getting Caught Working Undercover at Amazon I Oobah‚Äôs Great Amazon Heist,NEGATIVE,0.9919357299804688
127,2024-07-30 02:10:38,Amazon,7 Amazon products that should not exist!,NEGATIVE,0.9994243383407593
128,2024-07-30 02:10:38,Amazon,I TRIED BANNED AMAZON PRODUCTS!!,NEGATIVE,0.9966636300086975
129,2024-07-30 02:10:38,Amazon,I Bought EVERYTHING Amazon Recommended I Buy!,POSITIVE,0.9980955719947815
130,2024-07-30 02:10:38,Amazon,Turn your old Fire tablet into an Echo Show #shorts,NEGATIVE,0.9965248703956604
131,2024-07-30 02:10:38,Amazon,I Bought 100 Banned Amazon Products!,NEGATIVE,0.9977290034294128
132,2024-07-30 02:10:38,Amazon,An improvement I never knew we needed until now #amazon #amazonfinds #amazongadgets #amazonmusthaves,POSITIVE,0.9921088814735413
133,2024-07-30 02:10:38,Amazon,15 GENIUS Amazon Finds #shorts #amazonfinds #productreview #justicebuys #gadgets,POSITIVE,0.8054745197296143
134,2024-07-30 02:10:38,Amazon,Four Parenting Must-Haves? ü§î #parentingtips #parenting #slide #amazon #shorts,NEGATIVE,0.9946765899658203
135,2024-07-30 02:10:38,Amazon,I Bought Amazon RETURNS for CHEAP!  *disaster*,NEGATIVE,0.9995778203010559
136,2024-07-30 02:10:38,Amazon,Weird Amazon Finds I actually like! #amazon #amazonhome #founditonamazon #amazonlife #amazonprime,POSITIVE,0.9344968199729919
137,2024-07-30 02:10:38,Amazon,Amazon FBA For Beginners 2024 (Step by Step Tutorial),NEGATIVE,0.9672695994377136
138,2024-07-30 02:10:38,Amazon,Cool stuff I bought from Amazon (+ Awesome Gift Ideas!),POSITIVE,0.9998506307601929
139,2024-07-30 02:10:38,Amazon,Top 10 Amazon Gadgets of 2023 #shorts #productreview #amazonfinds #gadgets #home,POSITIVE,0.8838780522346497
140,2024-07-30 02:10:38,Meta,WARZONE: New BEST TTK META LOADOUT You NEED To Use! (WARZONE 3 Fastest TTK Weapons),POSITIVE,0.9974628686904907
141,2024-07-30 02:10:38,Meta,MONGOLZ vs 3DMAX - Skyesports Championship 2024 - GRAND FINAL - BO3 - MN cast,NEGATIVE,0.9210748076438904
142,2024-07-30 02:10:38,Meta,MONGOLZ vs ETERNAL FIRE - Skyesports Championship 2024 - BO3 - MN cast,NEGATIVE,0.9196005463600159
143,2024-07-30 02:10:38,Meta,Introducing Meta,POSITIVE,0.9980376362800598
144,2024-07-30 02:10:38,Meta,TOP 5 NEW OVERPOWERED Loadouts in Modern Warfare 3! (META Class Setups),POSITIVE,0.7282631397247314
145,2024-07-30 02:10:38,Meta,Introducing Meta Quest 3 | Coming This Fall,POSITIVE,0.9878391027450562
146,2024-07-30 02:10:38,Meta,#1 CONTROLLER META LOADOUTS on Warzone Rebirth Island,NEGATIVE,0.9910404086112976
147,2024-07-30 02:10:38,Meta,Meta Quest 3 Review - 6 Months Later,NEGATIVE,0.8691993951797485
148,2024-07-30 02:10:38,Meta,This is Meta Quest 3,POSITIVE,0.9900957345962524
149,2024-07-30 02:10:38,Meta,Meta Quest 3 is Mind Blowingü§Ø,POSITIVE,0.8699042797088623
150,2024-07-30 02:10:38,Meta,The Metaverse and How We&#39;ll Build It Together -- Connect 2021,POSITIVE,0.9991016387939453
151,2024-07-30 02:10:38,Meta,TOP 5 DEMON META LOADOUTS on Warzone Rebirth Island,NEGATIVE,0.5923364162445068
152,2024-07-30 02:10:38,Meta,NEW BEST SMG in Warzone Rebirth Island! üëë (META Loadout),POSITIVE,0.9984544515609741
153,2024-07-30 02:10:38,Meta,#1 META LOADOUT IN WARZONE! (STG44 &amp; Static HV) MW3,NEGATIVE,0.9950469732284546
154,2024-07-30 02:10:38,Meta,using CONSOLE DEMON Meta loadouts on Warzone Rebirth Island,NEGATIVE,0.9955273270606995
155,2024-07-30 02:10:38,Meta,The Meta QUEST 3S First REAL Picture &quot;LEAKS&quot;!! &amp; PSVR2 on Steam goes LIVE,NEGATIVE,0.9212181568145752
156,2024-07-30 02:10:38,Meta,using THE RAREST DEMON Meta on Warzone Rebirth Island,POSITIVE,0.92664635181427
157,2024-07-30 02:10:38,Meta,Meta Quest 2 Virtual Reality Headsets from Best Buy,NEGATIVE,0.5553563237190247
158,2024-07-30 02:10:38,Meta,The Complete History of the Yu-Gi-Oh! Meta: Part 1 (2002-2005),POSITIVE,0.9942864775657654
159,2024-07-30 02:10:38,Meta,EXTREME MOVEMENT Meta loadouts on Warzone Rebirth Island,NEGATIVE,0.9901816248893738
160,2024-07-30 02:10:38,Meta,new #1 META LOADOUT in Warzone! üëë (STG44 &amp; Superi 46),NEGATIVE,0.9877476692199707
161,2024-07-30 02:10:38,Meta,MONGOLZ vs FURIA - EWC 2024 - Last Chance Stage - BO1 - MN cast,NEGATIVE,0.9492611885070801
162,2024-07-30 02:10:38,Meta,NEW TOP 5 META LOADOUTS in Warzone Season 5! (Best Class Setups),POSITIVE,0.9970706701278687
163,2024-07-30 02:10:38,Meta,MONGOLZ vs G2 - EWC 2024 - Opening stage - BO3 - MN cast,NEGATIVE,0.9603762626647949
164,2024-07-30 02:10:38,Meta,Introducing Meta Quest Pro,POSITIVE,0.9967888593673706
165,2024-07-30 02:10:38,Meta,Meta Quest Pro‚Äôs Passthrough mode üëÄ,NEGATIVE,0.99587482213974
166,2024-07-30 02:10:38,Meta,exposing BROKEN TIKTOK META LOADOUTS on Warzone Rebirth Island,NEGATIVE,0.9970104694366455
167,2024-07-30 02:10:38,Meta,TOP 10 *BROKEN* META Loadouts in Warzone Season 5,NEGATIVE,0.9931708574295044
168,2024-07-30 02:10:38,Tesla,"Tesla unveils factory that will build 50,000 Semi&#39;s every year in America",POSITIVE,0.9954907298088074
169,2024-07-30 02:10:38,Tesla,Tesla AI Investment SURGING Ahead of Robotaxi Launch,POSITIVE,0.986533522605896
170,2024-07-30 02:10:38,Tesla,Tesla&#39;s New Leasing Prices Are Insane | July 2024 Lease Guide,NEGATIVE,0.9928805828094482
171,2024-07-30 02:10:38,Tesla,The 2025 Tesla Model Y Update Is HERE!,POSITIVE,0.9939488172531128
172,2024-07-30 02:10:38,Tesla,Over half of Tesla&#39;s traded In for Gas Cars in the United States,NEGATIVE,0.8053312301635742
173,2024-07-30 02:10:38,Tesla,Tesla Just Got The Kiss Of Death,NEGATIVE,0.989832878112793
174,2024-07-30 02:10:38,Tesla,NEW 2025 Tesla Model Y Spotted On The Streets. Launched with a 75% Refresh Version. FULL REVIEW,POSITIVE,0.9972570538520813
175,2024-07-30 02:10:38,Tesla,Tesla - What You Give,POSITIVE,0.9993627667427063
176,2024-07-30 02:10:38,Tesla,STRANDED? How To JumpStart A Tesla With 0% Battery!,NEGATIVE,0.9992918968200684
177,2024-07-30 02:10:38,Tesla,It Happened! Elon Musk&#39;s NEW Vision for Tesla Bot Optimus Gen 3! Million Robot Workforce Upgrade!,POSITIVE,0.9952817559242249
178,2024-07-30 02:10:38,Tesla,Elon Musk&#39;s daughter speaks out against the controversial Tesla CEO,POSITIVE,0.8819838762283325
179,2024-07-30 02:10:38,Tesla,Tesla Model 3 2024 review: Is The Most Hyped Electric Car In Australia Worth It? | Drive.com.au,POSITIVE,0.9637113213539124
180,2024-07-30 02:10:38,Tesla,Did you know you can unlock a tesla with your voice?? üò≥üëÄ,NEGATIVE,0.9843817353248596
181,2024-07-30 02:10:38,Tesla,2024 Tesla Model X PLAID: POV review &amp; top speed badge UNLOCKED!,POSITIVE,0.9913331866264343
182,2024-07-30 02:10:38,Tesla,TESLA,POSITIVE,0.9891895055770874
183,2024-07-30 02:10:38,Tesla,Expert issues fresh warning to investors on Tesla: ‚ÄòSteer clear‚Äô,POSITIVE,0.8832637667655945
184,2024-07-30 02:10:38,Tesla,Tesla is building one of America&#39;s biggest battery factories for NEW EVs,POSITIVE,0.9895630478858948
185,2024-07-30 02:10:38,Tesla,2023 Tesla Model S Plaid 0-60 MPH 0-130 MPH launch #acceleration #tesla #plaid,NEGATIVE,0.9405619502067566
186,2024-07-30 02:10:38,Tesla,"Elon Musk LEAKED The Truth About NEW Tesla Model 2 Time Release, Production Line &amp; Design!",NEGATIVE,0.9697086215019226
187,2024-07-30 02:10:38,Tesla,TESLA CYBERTRUCK FIRST SIGHTING IN PUBLIC!,POSITIVE,0.981867790222168
188,2024-07-30 02:10:38,Tesla,Tesla Cars Got Hacked ü§Ø | Leave The World Behind #shorts,NEGATIVE,0.9990876913070679
189,2024-07-30 02:10:38,Tesla,Tesla - Love Song,POSITIVE,0.9996529817581177
190,2024-07-30 02:10:38,Tesla,You Should Never Buy a Tesla,NEGATIVE,0.9993590712547302
191,2024-07-30 02:10:38,Tesla,When your Uber is a Tesla üòÇ #tesla #uber,NEGATIVE,0.9916104674339294
192,2024-07-30 02:10:38,Tesla,We NEED To Talk‚Ä¶,NEGATIVE,0.9619340300559998
193,2024-07-30 02:10:38,Tesla,I Own a Tesla CyberTruck,POSITIVE,0.8250463604927063
194,2024-07-30 02:10:38,Tesla,This Tesla Had A Major Issue...,POSITIVE,0.574877142906189
195,2024-07-30 02:22:52,APPL,Apple Event - May 7,POSITIVE,0.9824892282485962
196,2024-07-30 02:22:52,APPL,Apple WWDC 2024: Everything Revealed in 12 Minutes,POSITIVE,0.8367002606391907
197,2024-07-30 02:22:52,APPL,Apple Intelligence in 5 minutes,POSITIVE,0.7873340249061584
198,2024-07-30 02:22:52,APPL,Hello Apple Vision Pro,POSITIVE,0.998918890953064
199,2024-07-30 02:22:52,APPL,A Guided Tour of Apple Vision Pro,POSITIVE,0.9980959296226501
200,2024-07-30 02:22:52,APPL,Introducing the all-new iPad Pro | Apple,POSITIVE,0.9973884224891663
201,2024-07-30 02:22:52,APPL,Apple Vision Pro Review: Tomorrow&#39;s Ideas... Today&#39;s Tech!,POSITIVE,0.9866820573806763
202,2024-07-30 02:22:52,APPL,Using Apple Vision Pro: What It‚Äôs Actually Like!,POSITIVE,0.9994296431541443
203,2024-07-30 02:22:52,APPL,Apple‚Äôs iPad event in 12 minutes,NEGATIVE,0.8503114581108093
204,2024-07-30 02:22:52,APPL,18 things from WWDC24 | Apple,NEGATIVE,0.9094874858856201
205,2024-07-30 02:22:52,APPL,Apple Vision Pro - Is it worth $3500?,NEGATIVE,0.9956876635551453
206,2024-07-30 02:22:52,APPL,Apple TV is INCREDIBLE when you know how to use it! (Tutorial &amp; TVOS 17),POSITIVE,0.9997346997261047
207,2024-07-30 02:22:52,APPL,iOS 18 Apple CarPlay | 10 NEW FEATURES!,POSITIVE,0.9847962856292725
208,2024-07-30 02:22:52,APPL,I Spent 24 Hours Wearing Apple‚Äôs Vision Pro Headset | WSJ,NEGATIVE,0.9875485897064209
209,2024-07-30 02:22:52,APPL,WWDC 2024 Recap: Is Apple Intelligence Legit?,NEGATIVE,0.9975188970565796
210,2024-07-30 02:22:52,APPL,Apples &amp; Bananas + More | Kids Songs | Super Simple Songs,POSITIVE,0.9969660639762878
211,2024-07-30 02:22:52,APPL,iPhone 15 Precision Finding | Find Your Friends | Apple,POSITIVE,0.9755839109420776
212,2024-07-30 02:22:52,APPL,Apple CarPlay is AWESOME when you know how to use it! (FULL Tutorial),POSITIVE,0.9997900128364563
213,2024-07-30 02:22:52,APPL,I Bought EVERY Samsung vs Apple Products,NEGATIVE,0.9629461169242859
214,2024-07-30 02:22:52,APPL,You&#39;ve Been Using Apple TV WRONG! Best Features and Tips,NEGATIVE,0.9995531439781189
215,2024-07-30 02:22:52,MSFT,"AAPL, AMZN, META, MSFT: What&#39;s the A.I. Play?",NEGATIVE,0.9964311122894287
216,2024-07-30 02:22:52,MSFT,29TH  JULY STOCK MARKET LIVE $SPX  $QQQ $SPY $MSFT $MCD $AMD,NEGATIVE,0.9938638210296631
217,2024-07-30 02:22:52,MSFT,MICROSOFT - Stock Price Prediction (MSFT),NEGATIVE,0.9792739152908325
218,2024-07-30 02:22:52,MSFT,"SP500 &amp; NASDAQ: AAPL, AMZN, NVDA, META, NFLX, GOOGL, MSFT, TSLA, Bitcoin. Elliott Wave Analysis",NEGATIVE,0.9823118448257446
219,2024-07-30 02:22:52,MSFT,Should Investors Buy Microsoft Stock Before July 30? | MSFT Stock Analysis,NEGATIVE,0.9983773231506348
220,2024-07-30 02:22:52,MSFT,"Brace Yourself: Powell + Mag 7 Earnings üëÄ! $AAPL, $MSFT, $META &amp; $AMZN Report!",NEGATIVE,0.9946547746658325
221,2024-07-30 02:22:52,MSFT,Is Microsoft Stock a Buy Now!? | Microsoft (MSFT) Stock Analysis! |,NEGATIVE,0.9917771816253662
222,2024-07-30 02:22:52,MSFT,Stock Market Analysis at the Mall | Earnings Next Week üöÄ | #SPY #MSFT #AAPL #QQQ #TSLA #NVDA #–ú–ï–¢–ê,NEGATIVE,0.9938219785690308
223,2024-07-30 02:22:52,MSFT,Warren Buffett: Microsoft Stock Can Still Make You Rich (MSFT),POSITIVE,0.9979421496391296
224,2024-07-30 02:22:52,MSFT,How I Made $700 Off Of MSFT Puts,NEGATIVE,0.9978935122489929
225,2024-07-30 02:22:52,MSFT,Microsoft (MSFT) FAST Graphs Stock Analysis #shorts,NEGATIVE,0.99788898229599
226,2024-07-30 02:22:52,MSFT,MSFT Price Volatility Ahead? Expert Analysis and Wednesday Predictions ‚Äì Stay Informed,POSITIVE,0.9826631546020508
227,2024-07-30 02:22:52,MSFT,$183 Million MSFT Options Trading Microsoft Stock Above $500/Share?,NEGATIVE,0.9819723963737488
228,2024-07-30 02:22:52,MSFT,"üî• MONDAY PREDICTION!!! TSLA, SPY, ES, QQQ, AAPL, NVDA, COIN, BTC, META, MSFT, &amp; AMZN PREDICTIONS! üöÄ",NEGATIVE,0.9861869812011719
229,2024-07-30 02:22:52,MSFT,"MSFT, ROKU, RTX: Stocks to Watch &amp; Technical Trends",NEGATIVE,0.9854850172996521
230,2024-07-30 02:22:52,MSFT,29TH -3 JULY STOCK MARKET LIVE $SPX  $QQQ $SPY $MSFT $MCD $AMD,NEGATIVE,0.9937242865562439
231,2024-07-30 02:22:52,MSFT,Microsoft (MSFT) is the Best Positioned for A.I. Monetization,POSITIVE,0.9966717958450317
232,2024-07-30 02:22:52,MSFT,TroyBoi - Do You? (msft Remix),NEGATIVE,0.8700841069221497
233,2024-07-30 02:22:52,MSFT,Microsoft Stock (MSFT) 12-Month Forecast (2024),NEGATIVE,0.9550194144248962
234,2024-07-30 02:22:52,MSFT,msft. - pon de replay,NEGATIVE,0.9925050735473633
235,2024-07-30 02:22:52,MSFT,Best AI Stocks: Nvidia Stock vs. Microsoft Stock | NVDA Stock Analysis | MSFT Stock Analysis,POSITIVE,0.9927560687065125
236,2024-07-30 02:22:52,MSFT,Insight into MSFT Earnings!,POSITIVE,0.9982709884643555
237,2024-07-30 02:22:52,MSFT,Investing $10k Into Microsoft (MSFT) üí∞,NEGATIVE,0.9449012279510498
238,2024-07-30 02:22:52,MSFT,Keep Buying the Dips With MSFT Stock,NEGATIVE,0.9931193590164185
239,2024-07-30 02:22:52,MSFT,"Three-Stock Lunch: MSFT, BA &amp; GOOGL",NEGATIVE,0.9885623455047607
240,2024-07-30 02:22:52,NVDA,NVDA Stock | Everything You Need To Know,NEGATIVE,0.9918010830879211
241,2024-07-30 02:22:52,NVDA,"NVIDIA Stock Price Analysis | Top $NVDA Levels To Watch for Monday, July 29th,  2024",NEGATIVE,0.699537992477417
242,2024-07-30 02:22:52,NVDA,‚ö†Ô∏èWATCH BEFORE MONDAY 9.30am!! #PLTR #SOFI #PYPL #TSLA #NIO #NVDA #SPY #QQQ,NEGATIVE,0.9911847710609436
243,2024-07-30 02:22:52,NVDA,Should Nvidia be Looking Out for Alphabet? | NVDA Stock Analysis | GOOG Stock Analysis,NEGATIVE,0.9991474151611328
244,2024-07-30 02:22:52,NVDA,NVDA BIG WINNER - STOCK MARKET BOTTOM IN? NEW AMZN PLAN! Technical Analysis Fibonacci SP500 TSLA,NEGATIVE,0.999560534954071
245,2024-07-30 02:22:52,NVDA,"Cramer Today On NVIDIA, Jensen Huang &amp; NVIDIA Stock - NVDA Update",NEGATIVE,0.9863907098770142
246,2024-07-30 02:22:52,NVDA,Nvidia Stock Investors Got Great News from Tesla | NVDA Stock Analysis | TSLA Stock Analysis,POSITIVE,0.9968068599700928
247,2024-07-30 02:22:52,NVDA,"NVDA Nvidia Stock Analysis, Support or More Downside?!",NEGATIVE,0.9987680315971375
248,2024-07-30 02:22:52,NVDA,Why Is Nvidia Stock Crashing and is it a Buying Opportunity? | NVDA Stock Analysis,NEGATIVE,0.9996122717857361
249,2024-07-30 02:22:52,NVDA,IT&#39;S TIME! I&#39;m SELLING Nvidia Stock (NVDA) to Avoid THESE Mistakes!,NEGATIVE,0.9955827593803406
250,2024-07-30 02:22:52,NVDA,NVIDIA Stock: What is setting up next? (NVDA analysis),NEGATIVE,0.9975917339324951
251,2024-07-30 02:22:52,NVDA,What No One Tells You About NVDA Stock,NEGATIVE,0.9981131553649902
252,2024-07-30 02:22:52,NVDA,Why Is Nvidia Stock Crashing And Is It A Great Buying Opportunity? | NVDA Stock Analysis! |,NEGATIVE,0.99919193983078
253,2024-07-30 02:22:52,NVDA,Why Nvidia Stock Could Skyrocket 259% by 2030 | Nvidia Stock | NVDA Stock,NEGATIVE,0.9976321458816528
254,2024-07-30 02:22:52,NVDA,**WATCH BEFORE TUESDAY** TSLA STOCK PRICE &amp; NVDA STOCK PRICE PREDICTION + #TechnicalAnalysis,NEGATIVE,0.979395866394043
255,2024-07-30 02:22:52,NVDA,"Cramer Today On NVIDIA, Jensen Huang, NVIDIA Stock - NVDA Update",NEGATIVE,0.9733048677444458
256,2024-07-30 02:22:52,NVDA,"NVDA Nvidia Stock Analysis, Enough Dip Or More Downside?!",NEGATIVE,0.9993377327919006
257,2024-07-30 02:22:52,NVDA,"Cramer Today On NVIDIA, NVIDIA Stock, Jensen Huang - NVDA Update",NEGATIVE,0.9868789315223694
258,2024-07-30 02:22:52,NVDA,What Tesla &amp; NVDA JUST Said | The Start of a Crashü§î| Do THIS ASAP,NEGATIVE,0.9858980178833008
259,2024-07-30 02:22:52,NVDA,Why Is NVIDIA CRASHING?! | GREAT Time To BUY? | NVDA Stock Analysis! |,NEGATIVE,0.9994818568229675
260,2024-07-30 02:22:52,NVDA,STILL EARLY! Why I&#39;m Buying Nvidia Stock (NVDA) After COMPUTEX 2024!,NEGATIVE,0.9840854406356812
261,2024-07-30 02:22:52,NVDA,"Charles Payne &amp; CNBC Today On NVIDIA, NVIDIA Stock, NVDA Stock - NVDA Update",NEGATIVE,0.9176498651504517
262,2024-07-30 02:22:52,NVDA,My Nvidia Stock Price Prediction For 2025 | NVDA Stock Analysis! |,NEGATIVE,0.9731998443603516
263,2024-07-30 02:22:52,NVDA,"üî• TESLA STOCK MONDAY PREDICTION!! TSLA, SPY, ES, NVDA, QQQ, AAPL, COIN, AMZN, &amp; META PREDICTIONS! üöÄ",NEGATIVE,0.9640186429023743
264,2024-07-30 02:22:52,GOOGL,Buy The Dip On Google stock? GOOGL,NEGATIVE,0.9985243678092957
265,2024-07-30 02:22:52,GOOGL,Why You Should Buy Google Stock After Crash | GOOGL Stock 2024,NEGATIVE,0.9980954527854919
266,2024-07-30 02:22:52,GOOGL,Google Keynote (Google I/O ‚Äò24),POSITIVE,0.694507360458374
267,2024-07-30 02:22:52,GOOGL,Google I/O 2024: Everything Revealed in 12 Minutes,NEGATIVE,0.8862144947052002
268,2024-07-30 02:22:52,GOOGL,Google Stock Q2 Earnings Analysis | GOOG GOOGL,NEGATIVE,0.9967503547668457
269,2024-07-30 02:22:52,GOOGL,Google Stock Analysis: Tech Rotation Opening Opportunities? GOOG/GOOGL Stock Review,NEGATIVE,0.9950110912322998
270,2024-07-30 02:22:52,GOOGL,Google Keynote (Google I/O ‚Äò24) - Audio Described,NEGATIVE,0.5597850680351257
271,2024-07-30 02:22:52,GOOGL,"Bullish on MU, AVGO &amp; Bearish on GOOGL",NEGATIVE,0.9979358911514282
272,2024-07-30 02:22:52,GOOGL,NEVER type THIS into Google Translate! (3) #shorts,NEGATIVE,0.999068558216095
273,2024-07-30 02:22:52,GOOGL,Deepwater&#39;s Gene Munster on why Google will win the AI arms race,NEGATIVE,0.7460249066352844
274,2024-07-30 02:22:52,GOOGL,How Google Turned a 90-Year-Old Train Terminal Into Its New $2.1B Office | WSJ Open Office,NEGATIVE,0.9902588129043579
275,2024-07-30 02:22:52,GOOGL,We Bought Alphabet Stock $Googl $Goog,NEGATIVE,0.9979872703552246
276,2024-07-30 02:22:52,GOOGL,"I Google Translated Minecraft Mobs 8,000 Times",NEGATIVE,0.987885594367981
277,2024-07-30 02:22:52,GOOGL,Google Play historical logos,POSITIVE,0.8992639183998108
278,2024-07-30 02:22:52,GOOGL,I Played ALL HIDDEN Google Games..,NEGATIVE,0.9438712000846863
279,2024-07-30 02:22:52,GOOGL,Google ‚Äî 25 Years in Search: The Most Searched,POSITIVE,0.9981521964073181
280,2024-07-30 02:22:52,GOOGL,How To Use Google Calendar (2022),NEGATIVE,0.6362382769584656
281,2024-07-30 02:22:52,GOOGL,Taylor Swift: The most searched songwriter | 25 Years in Search,POSITIVE,0.9992316961288452
282,2024-07-30 02:22:52,GOOGL,Secret GOOGLE HACKS You Can Try Right Now! | CLICKABLE,NEGATIVE,0.9920823574066162
283,2024-07-30 02:22:52,GOOGL,Google AI&#39;s Insane Answers,NEGATIVE,0.9875542521476746
284,2024-07-30 02:22:52,AMZN,Should Investors Buy Amazon Stock Before August 1? | AMZN Stock Analysis,NEGATIVE,0.9982082843780518
285,2024-07-30 02:22:52,AMZN,My Amazon Stock Price Prediction for 2024 | AMZN Stock Analysis! |,NEGATIVE,0.969122052192688
286,2024-07-30 02:22:52,AMZN,Hightower&#39;s Stephanie Link is bullish on Amazon&#39;s super-charged comeback,NEGATIVE,0.9734209775924683
287,2024-07-30 02:22:52,AMZN,Here&#39;s why Evercore ISI&#39;s Mark Mahaney favors Amazon,NEGATIVE,0.9558184742927551
288,2024-07-30 02:22:52,AMZN,Expectations for Amazon (AMZN) Prime Day,NEGATIVE,0.994666337966919
289,2024-07-30 02:22:52,AMZN,19 Amazon Items YOU WISH You Bought Sooner!,NEGATIVE,0.5088386535644531
290,2024-07-30 02:22:52,AMZN,Why Is Amazon Stock Price Soaring? | AMZN Stock Analysis,NEGATIVE,0.9979860782623291
291,2024-07-30 02:22:52,AMZN,10 Amazon Unique Useful Space Saving Gadgets (Smart Miracles!),POSITIVE,0.9994361996650696
292,2024-07-30 02:22:52,AMZN,Is Amazon (AMZN) the Best Positioned Stock for the A.I. Boom?,POSITIVE,0.9973581433296204
293,2024-07-30 02:22:52,AMZN,Previewing Prime Day: AMZN Growth Prospects are Underappreciated,NEGATIVE,0.9838029146194458
294,2024-07-30 02:22:52,AMZN,Are Amazon Airsoft Guns Useful? #shorts #airsoft,NEGATIVE,0.9971599578857422
295,2024-07-30 02:22:52,AMZN,Animals of Amazon 4K - Animals That Call The Jungle Home | Amazon Rainforest |Scenic Relaxation Film,POSITIVE,0.9896261692047119
296,2024-07-30 02:22:52,AMZN,Amazon Finds ü§©üíì #shorts #youtubeshorts #amazonfinds #amazon #earrings #accessories,NEGATIVE,0.9784340262413025
297,2024-07-30 02:22:52,AMZN,TIKTOK MADE ME BUY IT AMAZON MUST HAVES AMAZON FINDS,NEGATIVE,0.9942377805709839
298,2024-07-30 02:22:52,AMZN,The 22 BEST AMAZON MUST HAVES of 2024 *so far*,POSITIVE,0.996221661567688
299,2024-07-30 02:22:52,AMZN,I bought 12 BATHROOM GADGETS from Amazon,POSITIVE,0.6065099835395813
300,2024-07-30 02:22:52,AMZN,Things That SHOULDN&#39;T Be Sold On Amazon,NEGATIVE,0.9949616193771362
301,2024-07-30 02:22:52,AMZN,How To Set Up Amazon Fire Stick (2022),NEGATIVE,0.9610927700996399
302,2024-07-30 02:22:52,AMZN,How To Shop In Amazon Fresh Grocery: STORE TOUR!,POSITIVE,0.9850022196769714
303,2024-07-30 02:22:52,AMZN,Amazon Echo - SNL,NEGATIVE,0.9880615472793579
304,2024-07-30 02:22:52,AMZN,Amazon Echo Dot 5th gen: NEW Display + Speakers!,POSITIVE,0.951687216758728
305,2024-07-30 02:22:52,AMZN,ONE AMAZON on an ALL BOYS Island!,POSITIVE,0.7364069819450378
306,2024-07-30 02:22:52,AMZN,CRAZY AMAZON KITCHEN GADGET FINDS| ONLINE SHOPPING | YAY OR NAY?  #shorts,NEGATIVE,0.9902728199958801
307,2024-07-30 02:22:52,AMZN,I Review Amazon Self Defense Products,NEGATIVE,0.8955074548721313
308,2024-07-30 02:22:52,AMZN,Inside Amazon‚Äôs Meticulous Same-Day Delivery Strategy | WSJ Shipping Wars,POSITIVE,0.8598024249076843
309,2024-07-30 02:22:52,META,Inside Mark Zuckerberg&#39;s AI Era | The Circuit,POSITIVE,0.9922677874565125
310,2024-07-30 02:22:52,META,the EXTREME REBIRTH SUPREME Meta loadout Chall on Warzone Rebirth Island,NEGATIVE,0.9908413887023926
311,2024-07-30 02:22:52,META,the NEW #1 META LOADOUT in SEASON 5! üëë (Modern Warfare 3 Best Class Setups) - MW3,POSITIVE,0.970755398273468
312,2024-07-30 02:22:52,META,using TIKTOK DEMON META LOADOUTS on Warzone Rebirth Island,NEGATIVE,0.9934250116348267
313,2024-07-30 02:22:52,TSLA,BREAKING: Elon Musk Gives Updates On Tesla Bot,POSITIVE,0.9978231191635132
314,2024-07-30 02:22:52,TSLA,"Tesla Stock Price Analysis | Top Levels To Watch for Monday, July 29th 2024",POSITIVE,0.9594063758850098
315,2024-07-30 02:22:52,TSLA,"üî• TESLA STOCK BULLISH CATALYST!!! TSLA, SPY, ES, NVDA, QQQ, AAPL, COIN, AMZN, &amp; META PREDICTIONS! üöÄ",NEGATIVE,0.9900319576263428
316,2024-07-30 02:22:52,TSLA,The HARD Truth About Tesla Stock Investors Need to Know,NEGATIVE,0.996075451374054
317,2024-07-30 02:22:52,TSLA,This Week is MASSIVE for Tesla Stock.. (Full Breakdown),NEGATIVE,0.9957326054573059
318,2024-07-30 02:22:52,TSLA,Tesla FSD 12.5 Is Leaving Everyone SPEECHLESS,NEGATIVE,0.95500648021698
319,2024-07-30 02:22:52,TSLA,2025 Tesla CyberTruck - interior Exterior and Drive,POSITIVE,0.9927191734313965
320,2024-07-30 02:22:52,TSLA,Every Tesla I Have Owned! üò≥üëÄ,POSITIVE,0.9907131791114807
321,2024-07-30 02:22:52,TSLA,"Tesla Model 3 VS BYD Seal, #shorts",NEGATIVE,0.978093147277832
322,2024-07-30 02:22:52,TSLA,No One Believes Tesla &amp; Elon Musk,NEGATIVE,0.998087465763092
323,2024-07-30 02:22:52,TSLA,NEW Tesla Model 3 vs BMW i4 - Closer than you think,POSITIVE,0.9877963662147522
324,2024-07-30 02:22:52,TSLA,Tesla FSD 12.5 is a HUGE Leap Forward (First Impressions &amp; Highlights),POSITIVE,0.9996904134750366
325,2024-07-30 02:22:52,TSLA,Is Tesla Cyberquad Worth it?,POSITIVE,0.9416797161102295
326,2024-07-30 02:22:52,TSLA,What‚Äôs Next for Tesla ROBOTAXI | Warren Redlich,POSITIVE,0.9566013813018799
327,2024-07-30 02:22:52,TSLA,2024 Tesla Model 3 ASMR üî•,POSITIVE,0.5142495036125183
328,2024-07-30 02:22:52,TSLA,Where&#39;s Tesla FSD 12.5 for HW3 cars?,NEGATIVE,0.9938846230506897
